{
  "checkpoint": "logs/louis_rl/study_noise__noise_std-0.1__seed0/2026-06-25_16-09-47/checkpoints/model_7526656.pth",
  "split": "eval",
  "n_trajectories": 5,
  "horizon_steps": 359,
  "dt": 0.03333333333333333,
  "noise": false,
  "aggregate": {
    "pos_rmse_m": 0.04106607288122177,
    "pos_mae_m": 0.015042314305901527,
    "pos_integral_ms": 0.18000636994838715,
    "pos_max_m": 0.32343390583992004,
    "vel_rmse_mps": 0.20378640294075012,
    "vel_integral_mps_s": 1.704843521118164,
    "action_jitter": 0.9962309002876282
  },
  "per_trajectory": {
    "pos_rmse_m": [
      0.051292937248945236,
      0.0299032311886549,
      0.04739993065595627,
      0.030320405960083008,
      0.046413853764534
    ],
    "pos_mae_m": [
      0.017646823078393936,
      0.011873394250869751,
      0.014761025086045265,
      0.013257022947072983,
      0.017673306167125702
    ],
    "pos_integral_ms": [
      0.2111736536026001,
      0.14208495616912842,
      0.17664028704166412,
      0.15864238142967224,
      0.21149057149887085
    ],
    "pos_max_m": [
      0.36542001366615295,
      0.2799665927886963,
      0.37314996123313904,
      0.24681341648101807,
      0.3518194854259491
    ],
    "vel_rmse_mps": [
      0.2094166874885559,
      0.19064970314502716,
      0.2202395498752594,
      0.16459132730960846,
      0.23403479158878326
    ],
    "vel_integral_mps_s": [
      1.7565866708755493,
      1.6035196781158447,
      1.7353861331939697,
      1.593745470046997,
      1.8349804878234863
    ],
    "action_jitter": [
      0.9818831086158752,
      0.9798128008842468,
      0.9825185537338257,
      1.0041508674621582,
      1.0327892303466797
    ]
  }
}