{
  "checkpoint": "logs/louis_rl/study_noise__noise_std-0.05__seed0/2026-06-25_15-15-02/checkpoints/model_7526656.pth",
  "split": "eval",
  "n_trajectories": 5,
  "horizon_steps": 359,
  "dt": 0.03333333333333333,
  "noise": false,
  "aggregate": {
    "pos_rmse_m": 0.039899393916130066,
    "pos_mae_m": 0.01411379873752594,
    "pos_integral_ms": 0.16889512538909912,
    "pos_max_m": 0.3267959654331207,
    "vel_rmse_mps": 0.193191260099411,
    "vel_integral_mps_s": 1.3848540782928467,
    "action_jitter": 0.4601643681526184
  },
  "per_trajectory": {
    "pos_rmse_m": [
      0.05048023536801338,
      0.04728645458817482,
      0.025078458711504936,
      0.02614675834774971,
      0.05050506070256233
    ],
    "pos_mae_m": [
      0.01581229269504547,
      0.01277486328035593,
      0.010644592344760895,
      0.01310187391936779,
      0.01823536679148674
    ],
    "pos_integral_ms": [
      0.18922045826911926,
      0.15287253260612488,
      0.12738029658794403,
      0.1567857712507248,
      0.21821655333042145
    ],
    "pos_max_m": [
      0.3665188252925873,
      0.4310053586959839,
      0.19029615819454193,
      0.21378038823604584,
      0.4323790371417999
    ],
    "vel_rmse_mps": [
      0.1894826889038086,
      0.24430935084819794,
      0.1451270580291748,
      0.15445853769779205,
      0.23257865011692047
    ],
    "vel_integral_mps_s": [
      1.4305400848388672,
      1.451243281364441,
      1.2722525596618652,
      1.3148819208145142,
      1.4553529024124146
    ],
    "action_jitter": [
      0.455985426902771,
      0.44528523087501526,
      0.47537171840667725,
      0.45894908905029297,
      0.4652302861213684
    ]
  }
}