{
  "checkpoint": "logs/louis_rl/study_noise__noise_std-0.2__seed0/2026-06-25_17-04-36/checkpoints/model_7526656.pth",
  "split": "eval",
  "n_trajectories": 5,
  "horizon_steps": 359,
  "dt": 0.03333333333333333,
  "noise": false,
  "aggregate": {
    "pos_rmse_m": 0.03388543054461479,
    "pos_mae_m": 0.014382774010300636,
    "pos_integral_ms": 0.17211386561393738,
    "pos_max_m": 0.2657759189605713,
    "vel_rmse_mps": 0.1690547913312912,
    "vel_integral_mps_s": 1.2601109743118286,
    "action_jitter": 0.32052692770957947
  },
  "per_trajectory": {
    "pos_rmse_m": [
      0.05530542507767677,
      0.03873329237103462,
      0.038103435188531876,
      0.016819274052977562,
      0.020465737208724022
    ],
    "pos_mae_m": [
      0.01814555935561657,
      0.014117131941020489,
      0.014094607904553413,
      0.010992661118507385,
      0.014563913457095623
    ],
    "pos_integral_ms": [
      0.21714186668395996,
      0.16893501579761505,
      0.16866548359394073,
      0.1315455138683319,
      0.174281507730484
    ],
    "pos_max_m": [
      0.4420093595981598,
      0.31724217534065247,
      0.305912047624588,
      0.12263445556163788,
      0.14108163118362427
    ],
    "vel_rmse_mps": [
      0.2189549207687378,
      0.19092921912670135,
      0.18360750377178192,
      0.12261515110731125,
      0.1291671246290207
    ],
    "vel_integral_mps_s": [
      1.3677319288253784,
      1.3173295259475708,
      1.3099746704101562,
      1.1540170907974243,
      1.1515017747879028
    ],
    "action_jitter": [
      0.31953132152557373,
      0.3250487148761749,
      0.32769593596458435,
      0.3256886303424835,
      0.3046700358390808
    ]
  }
}