{
  "checkpoint": "logs/louis_rl/study_noise__noise_std-0.1__seed0/2026-06-25_16-09-47/checkpoints/model_7526656.pth",
  "split": "eval",
  "n_trajectories": 5,
  "horizon_steps": 359,
  "dt": 0.03333333333333333,
  "noise": false,
  "aggregate": {
    "pos_rmse_m": 0.030518675222992897,
    "pos_mae_m": 0.012102453038096428,
    "pos_integral_ms": 0.1448260247707367,
    "pos_max_m": 0.22568127512931824,
    "vel_rmse_mps": 0.14361633360385895,
    "vel_integral_mps_s": 1.2880222797393799,
    "action_jitter": 0.5320242047309875
  },
  "per_trajectory": {
    "pos_rmse_m": [
      0.056468233466148376,
      0.03228898346424103,
      0.03085886873304844,
      0.015362504869699478,
      0.017614787444472313
    ],
    "pos_mae_m": [
      0.016597457230091095,
      0.011658254079520702,
      0.011813284829258919,
      0.00952486228197813,
      0.01091840211302042
    ],
    "pos_integral_ms": [
      0.19861625134944916,
      0.13951045274734497,
      0.141365647315979,
      0.11398085206747055,
      0.1306568831205368
    ],
    "pos_max_m": [
      0.3931030333042145,
      0.2730625569820404,
      0.20795033872127533,
      0.11077357083559036,
      0.1435168832540512
    ],
    "vel_rmse_mps": [
      0.17521147429943085,
      0.17638373374938965,
      0.13275648653507233,
      0.11259274184703827,
      0.12113722413778305
    ],
    "vel_integral_mps_s": [
      1.4288439750671387,
      1.3583236932754517,
      1.2619248628616333,
      1.1855207681655884,
      1.2054986953735352
    ],
    "action_jitter": [
      0.5288345217704773,
      0.5134569406509399,
      0.5174166560173035,
      0.5550633668899536,
      0.5453495383262634
    ]
  }
}