{
  "checkpoint": "logs/louis_rl/study_noise__noise_std-0.0__seed0/2026-06-25_13-27-54/checkpoints/model_7526656.pth",
  "split": "eval",
  "n_trajectories": 5,
  "horizon_steps": 359,
  "dt": 0.03333333333333333,
  "noise": false,
  "aggregate": {
    "pos_rmse_m": 0.051096606999635696,
    "pos_mae_m": 0.015986645594239235,
    "pos_integral_ms": 0.19130685925483704,
    "pos_max_m": 0.3982979655265808,
    "vel_rmse_mps": 0.21617326140403748,
    "vel_integral_mps_s": 1.375484824180603,
    "action_jitter": 0.1936575174331665
  },
  "per_trajectory": {
    "pos_rmse_m": [
      0.04750734567642212,
      0.032732296735048294,
      0.09415055811405182,
      0.01885099709033966,
      0.062241848558187485
    ],
    "pos_mae_m": [
      0.01565513387322426,
      0.011854170821607113,
      0.021294478327035904,
      0.01236252672970295,
      0.018766915425658226
    ],
    "pos_integral_ms": [
      0.18733978271484375,
      0.1418549120426178,
      0.2548239231109619,
      0.14793823659420013,
      0.22457744181156158
    ],
    "pos_max_m": [
      0.3528735041618347,
      0.2673681676387787,
      0.7195960283279419,
      0.13805820047855377,
      0.5135939717292786
    ],
    "vel_rmse_mps": [
      0.18042506277561188,
      0.1641860008239746,
      0.3610413670539856,
      0.12186356633901596,
      0.25335031747817993
    ],
    "vel_integral_mps_s": [
      1.3296912908554077,
      1.2641969919204712,
      1.6880412101745605,
      1.1599245071411133,
      1.435570240020752
    ],
    "action_jitter": [
      0.19706082344055176,
      0.21117688715457916,
      0.1826416254043579,
      0.1849655658006668,
      0.19244274497032166
    ]
  }
}