{
  "checkpoint": "logs/louis_rl/study_noise__noise_std-0.1__seed0/2026-06-25_16-09-47/checkpoints/model_7526656.pth",
  "split": "eval",
  "n_trajectories": 5,
  "horizon_steps": 359,
  "dt": 0.03333333333333333,
  "noise": false,
  "aggregate": {
    "pos_rmse_m": 0.05325496196746826,
    "pos_mae_m": 0.016174474731087685,
    "pos_integral_ms": 0.1935545653104782,
    "pos_max_m": 0.4018159508705139,
    "vel_rmse_mps": 0.21514932811260223,
    "vel_integral_mps_s": 1.389352560043335,
    "action_jitter": 0.28765952587127686
  },
  "per_trajectory": {
    "pos_rmse_m": [
      0.06601380556821823,
      0.04481204226613045,
      0.022749900817871094,
      0.02070160210132599,
      0.11199746280908585
    ],
    "pos_mae_m": [
      0.018048668280243874,
      0.012701215222477913,
      0.009112600237131119,
      0.010592586360871792,
      0.030417300760746002
    ],
    "pos_integral_ms": [
      0.21598240733146667,
      0.15199121832847595,
      0.10904745757579803,
      0.12675794959068298,
      0.36399373412132263
    ],
    "pos_max_m": [
      0.4791443943977356,
      0.40417125821113586,
      0.19510847330093384,
      0.15420997142791748,
      0.7764455676078796
    ],
    "vel_rmse_mps": [
      0.22579547762870789,
      0.23933571577072144,
      0.12020085006952286,
      0.11185236275196075,
      0.3785622715950012
    ],
    "vel_integral_mps_s": [
      1.4900710582733154,
      1.3682348728179932,
      1.1193135976791382,
      1.1462785005569458,
      1.8228651285171509
    ],
    "action_jitter": [
      0.30052390694618225,
      0.2716990113258362,
      0.2789135277271271,
      0.28873899579048157,
      0.298422247171402
    ]
  }
}