{
  "checkpoint": "logs/louis_rl/study_noise__noise_std-0.05__seed0/2026-06-25_15-15-02/checkpoints/model_7526656.pth",
  "split": "eval",
  "n_trajectories": 5,
  "horizon_steps": 359,
  "dt": 0.03333333333333333,
  "noise": false,
  "aggregate": {
    "pos_rmse_m": 0.04649565368890762,
    "pos_mae_m": 0.018272140994668007,
    "pos_integral_ms": 0.21865662932395935,
    "pos_max_m": 0.34510764479637146,
    "vel_rmse_mps": 0.2100585401058197,
    "vel_integral_mps_s": 1.7225265502929688,
    "action_jitter": 0.8416231870651245
  },
  "per_trajectory": {
    "pos_rmse_m": [
      0.06679874658584595,
      0.02417132630944252,
      0.09476055949926376,
      0.022853469476103783,
      0.023894177749753
    ],
    "pos_mae_m": [
      0.02132616750895977,
      0.011504063382744789,
      0.02709306962788105,
      0.016003115102648735,
      0.01543428935110569
    ],
    "pos_integral_ms": [
      0.25520315766334534,
      0.1376653015613556,
      0.32421374320983887,
      0.19150394201278687,
      0.1846970021724701
    ],
    "pos_max_m": [
      0.5148640871047974,
      0.20543816685676575,
      0.6746307611465454,
      0.143645241856575,
      0.18696001172065735
    ],
    "vel_rmse_mps": [
      0.2595592737197876,
      0.16716733574867249,
      0.29658448696136475,
      0.14828884601593018,
      0.17869281768798828
    ],
    "vel_integral_mps_s": [
      1.85007905960083,
      1.5918314456939697,
      1.9650079011917114,
      1.577929973602295,
      1.6277844905853271
    ],
    "action_jitter": [
      0.8697876930236816,
      0.8101012110710144,
      0.824735164642334,
      0.8538389801979065,
      0.8496530055999756
    ]
  }
}