{
  "checkpoint": "logs/louis_rl/study_noise__noise_std-0.1__seed0/2026-06-25_16-09-47/checkpoints/model_7526656.pth",
  "split": "eval",
  "n_trajectories": 5,
  "horizon_steps": 359,
  "dt": 0.03333333333333333,
  "noise": false,
  "aggregate": {
    "pos_rmse_m": 0.04154681786894798,
    "pos_mae_m": 0.01367468573153019,
    "pos_integral_ms": 0.16364040970802307,
    "pos_max_m": 0.31901946663856506,
    "vel_rmse_mps": 0.17003026604652405,
    "vel_integral_mps_s": 1.2508442401885986,
    "action_jitter": 0.03649313747882843
  },
  "per_trajectory": {
    "pos_rmse_m": [
      0.033663176000118256,
      0.08794577419757843,
      0.03631822019815445,
      0.03261931985616684,
      0.017187610268592834
    ],
    "pos_mae_m": [
      0.011220348998904228,
      0.02183966338634491,
      0.011065864004194736,
      0.013347313739359379,
      0.010900232940912247
    ],
    "pos_integral_ms": [
      0.13427017629146576,
      0.2613479793071747,
      0.13242152333259583,
      0.15972286462783813,
      0.13043946027755737
    ],
    "pos_max_m": [
      0.27254509925842285,
      0.6749703884124756,
      0.29290270805358887,
      0.22942592203617096,
      0.12525321543216705
    ],
    "vel_rmse_mps": [
      0.14096200466156006,
      0.30833524465560913,
      0.17239077389240265,
      0.1235148087143898,
      0.1049485057592392
    ],
    "vel_integral_mps_s": [
      1.1837800741195679,
      1.5474987030029297,
      1.2691458463668823,
      1.1710964441299438,
      1.0827000141143799
    ],
    "action_jitter": [
      0.03331790491938591,
      0.03756790980696678,
      0.04840172082185745,
      0.03700528293848038,
      0.02617286704480648
    ]
  }
}