{
  "checkpoint": "logs/louis_rl/study_noise__noise_std-0.2__seed0/2026-06-25_17-04-36/checkpoints/model_7526656.pth",
  "split": "eval",
  "n_trajectories": 5,
  "horizon_steps": 359,
  "dt": 0.03333333333333333,
  "noise": false,
  "aggregate": {
    "pos_rmse_m": 0.0302286259829998,
    "pos_mae_m": 0.014719354920089245,
    "pos_integral_ms": 0.176141619682312,
    "pos_max_m": 0.23242346942424774,
    "vel_rmse_mps": 0.16948577761650085,
    "vel_integral_mps_s": 1.5752930641174316,
    "action_jitter": 1.1037014722824097
  },
  "per_trajectory": {
    "pos_rmse_m": [
      0.050213105976581573,
      0.02561146207153797,
      0.026989491656422615,
      0.027846215292811394,
      0.020482860505580902
    ],
    "pos_mae_m": [
      0.01824953220784664,
      0.01286971103399992,
      0.01318102516233921,
      0.014391777105629444,
      0.014904731884598732
    ],
    "pos_integral_ms": [
      0.21838606894016266,
      0.15400755405426025,
      0.15773293375968933,
      0.1722216010093689,
      0.1783599555492401
    ],
    "pos_max_m": [
      0.3780653476715088,
      0.21666762232780457,
      0.22167737782001495,
      0.20947174727916718,
      0.1362352818250656
    ],
    "vel_rmse_mps": [
      0.2223544865846634,
      0.16380691528320312,
      0.1533576399087906,
      0.15500974655151367,
      0.15290018916130066
    ],
    "vel_integral_mps_s": [
      1.7708073854446411,
      1.526546597480774,
      1.5170185565948486,
      1.569368600845337,
      1.492724061012268
    ],
    "action_jitter": [
      1.1435492038726807,
      1.0543051958084106,
      1.1038960218429565,
      1.115452766418457,
      1.1013041734695435
    ]
  }
}