{
  "checkpoint": "logs/louis_rl/study_noise__noise_std-0.05__seed0/2026-06-25_15-15-02/checkpoints/model_7526656.pth",
  "split": "eval",
  "n_trajectories": 5,
  "horizon_steps": 359,
  "dt": 0.03333333333333333,
  "noise": false,
  "aggregate": {
    "pos_rmse_m": 0.05551664158701897,
    "pos_mae_m": 0.017073724418878555,
    "pos_integral_ms": 0.20431558787822723,
    "pos_max_m": 0.44670113921165466,
    "vel_rmse_mps": 0.22313883900642395,
    "vel_integral_mps_s": 1.3352787494659424,
    "action_jitter": 0.035422634333372116
  },
  "per_trajectory": {
    "pos_rmse_m": [
      0.08097720146179199,
      0.025244146585464478,
      0.05385180562734604,
      0.05429893359541893,
      0.0632111206650734
    ],
    "pos_mae_m": [
      0.023256929591298103,
      0.009077206254005432,
      0.0157785527408123,
      0.017649101093411446,
      0.019606834277510643
    ],
    "pos_integral_ms": [
      0.2783079147338867,
      0.10862390697002411,
      0.18881668150424957,
      0.21120093762874603,
      0.23462846875190735
    ],
    "pos_max_m": [
      0.5678873062133789,
      0.21941439807415009,
      0.44333896040916443,
      0.4726649522781372,
      0.5302000641822815
    ],
    "vel_rmse_mps": [
      0.22811788320541382,
      0.1375024914741516,
      0.21727213263511658,
      0.24753646552562714,
      0.285265177488327
    ],
    "vel_integral_mps_s": [
      1.4208015203475952,
      1.1293600797653198,
      1.3101627826690674,
      1.369915246963501,
      1.4461538791656494
    ],
    "action_jitter": [
      0.03371076658368111,
      0.03718031570315361,
      0.03439539298415184,
      0.03450395166873932,
      0.037322748452425
    ]
  }
}