{
  "checkpoint": "logs/louis_rl/study_noise__noise_std-0.05__seed0/2026-06-25_15-15-02/checkpoints/model_7526656.pth",
  "split": "eval",
  "n_trajectories": 5,
  "horizon_steps": 359,
  "dt": 0.03333333333333333,
  "noise": false,
  "aggregate": {
    "pos_rmse_m": 0.029452254995703697,
    "pos_mae_m": 0.012415239587426186,
    "pos_integral_ms": 0.1485690474510193,
    "pos_max_m": 0.22708633542060852,
    "vel_rmse_mps": 0.13599088788032532,
    "vel_integral_mps_s": 1.1818108558654785,
    "action_jitter": 0.23975563049316406
  },
  "per_trajectory": {
    "pos_rmse_m": [
      0.047225065529346466,
      0.026550304144620895,
      0.019389642402529716,
      0.03454001992940903,
      0.019556241109967232
    ],
    "pos_mae_m": [
      0.015407256782054901,
      0.009691212326288223,
      0.008985785767436028,
      0.015503319911658764,
      0.012488624081015587
    ],
    "pos_integral_ms": [
      0.18437351286411285,
      0.11597151309251785,
      0.1075299084186554,
      0.18552307784557343,
      0.1494472175836563
    ],
    "pos_max_m": [
      0.3510485589504242,
      0.23032274842262268,
      0.16909775137901306,
      0.24997346103191376,
      0.1349891722202301
    ],
    "vel_rmse_mps": [
      0.17765428125858307,
      0.1405460238456726,
      0.13424591720104218,
      0.12433271110057831,
      0.10317546129226685
    ],
    "vel_integral_mps_s": [
      1.3203507661819458,
      1.1579879522323608,
      1.1649144887924194,
      1.1661945581436157,
      1.0996063947677612
    ],
    "action_jitter": [
      0.241956427693367,
      0.2363731563091278,
      0.25186794996261597,
      0.23240222036838531,
      0.23617839813232422
    ]
  }
}