{
  "checkpoint": "logs/louis_rl/study_noise__noise_std-0.0__seed0/2026-06-25_13-27-54/checkpoints/model_7526656.pth",
  "split": "eval",
  "n_trajectories": 5,
  "horizon_steps": 359,
  "dt": 0.03333333333333333,
  "noise": false,
  "aggregate": {
    "pos_rmse_m": 0.04269484430551529,
    "pos_mae_m": 0.020076250657439232,
    "pos_integral_ms": 0.2402457892894745,
    "pos_max_m": 0.31299492716789246,
    "vel_rmse_mps": 0.2123374044895172,
    "vel_integral_mps_s": 1.826694130897522,
    "action_jitter": 0.6585996747016907
  },
  "per_trajectory": {
    "pos_rmse_m": [
      0.06337973475456238,
      0.04464132711291313,
      0.0552082322537899,
      0.027489183470606804,
      0.02275574766099453
    ],
    "pos_mae_m": [
      0.02243412286043167,
      0.021207710728049278,
      0.021182268857955933,
      0.01792837306857109,
      0.017628774046897888
    ],
    "pos_integral_ms": [
      0.268461674451828,
      0.2537856101989746,
      0.2534811496734619,
      0.21454288065433502,
      0.21095766127109528
    ],
    "pos_max_m": [
      0.5174320340156555,
      0.343863844871521,
      0.39945971965789795,
      0.16898737847805023,
      0.13523174822330475
    ],
    "vel_rmse_mps": [
      0.2879287600517273,
      0.22887378931045532,
      0.22202280163764954,
      0.15851102769374847,
      0.16435065865516663
    ],
    "vel_integral_mps_s": [
      2.0196681022644043,
      1.8914287090301514,
      1.8783044815063477,
      1.6619714498519897,
      1.6820974349975586
    ],
    "action_jitter": [
      0.6884636878967285,
      0.6793918013572693,
      0.6456223130226135,
      0.6079337000846863,
      0.671586811542511
    ]
  }
}