{
  "checkpoint": "logs/louis_rl/study_noise__noise_std-0.2__seed0/2026-06-25_17-04-36/checkpoints/model_7526656.pth",
  "split": "eval",
  "n_trajectories": 5,
  "horizon_steps": 359,
  "dt": 0.03333333333333333,
  "noise": false,
  "aggregate": {
    "pos_rmse_m": 0.035955093801021576,
    "pos_mae_m": 0.014985131099820137,
    "pos_integral_ms": 0.17932209372520447,
    "pos_max_m": 0.27088427543640137,
    "vel_rmse_mps": 0.15514616668224335,
    "vel_integral_mps_s": 1.214095950126648,
    "action_jitter": 0.03749307245016098
  },
  "per_trajectory": {
    "pos_rmse_m": [
      0.06526124477386475,
      0.02449805662035942,
      0.04263988137245178,
      0.027782896533608437,
      0.01959339529275894
    ],
    "pos_mae_m": [
      0.02086116001009941,
      0.011236974038183689,
      0.015447329729795456,
      0.013229424133896828,
      0.014150766655802727
    ],
    "pos_integral_ms": [
      0.24963857233524323,
      0.134469136595726,
      0.18485306203365326,
      0.158312126994133,
      0.16933752596378326
    ],
    "pos_max_m": [
      0.480058878660202,
      0.20607611536979675,
      0.33159565925598145,
      0.20265841484069824,
      0.1340322494506836
    ],
    "vel_rmse_mps": [
      0.21195361018180847,
      0.1429438591003418,
      0.18223969638347626,
      0.11990318447351456,
      0.11869052052497864
    ],
    "vel_integral_mps_s": [
      1.3733060359954834,
      1.142081379890442,
      1.2967467308044434,
      1.147823452949524,
      1.1105222702026367
    ],
    "action_jitter": [
      0.03559048846364021,
      0.03780859336256981,
      0.05230872705578804,
      0.03449827432632446,
      0.027259275317192078
    ]
  }
}