{
  "checkpoint": "logs/louis_rl/study_noise__noise_std-0.2__seed0/2026-06-25_17-04-36/checkpoints/model_7526656.pth",
  "split": "eval",
  "n_trajectories": 5,
  "horizon_steps": 359,
  "dt": 0.03333333333333333,
  "noise": false,
  "aggregate": {
    "pos_rmse_m": 0.027755985036492348,
    "pos_mae_m": 0.013452567160129547,
    "pos_integral_ms": 0.1609824001789093,
    "pos_max_m": 0.2164873331785202,
    "vel_rmse_mps": 0.15544243156909943,
    "vel_integral_mps_s": 1.3048877716064453,
    "action_jitter": 0.6146237254142761
  },
  "per_trajectory": {
    "pos_rmse_m": [
      0.041940297931432724,
      0.029830103740096092,
      0.0282371137291193,
      0.017683245241642,
      0.021089164540171623
    ],
    "pos_mae_m": [
      0.0163193978369236,
      0.012598809786140919,
      0.012729977257549763,
      0.011228595860302448,
      0.014386058785021305
    ],
    "pos_integral_ms": [
      0.19528880715370178,
      0.15076576173305511,
      0.15233539044857025,
      0.1343688666820526,
      0.17215317487716675
    ],
    "pos_max_m": [
      0.30607888102531433,
      0.25723597407341003,
      0.22698061168193817,
      0.13347186148166656,
      0.1586693376302719
    ],
    "vel_rmse_mps": [
      0.16018357872962952,
      0.17719481885433197,
      0.1582738757133484,
      0.13306565582752228,
      0.14849425852298737
    ],
    "vel_integral_mps_s": [
      1.3526252508163452,
      1.3437449932098389,
      1.3180632591247559,
      1.2468348741531372,
      1.2631709575653076
    ],
    "action_jitter": [
      0.6253648996353149,
      0.57989901304245,
      0.6335681676864624,
      0.6163860559463501,
      0.6179006099700928
    ]
  }
}