{
  "checkpoint": "logs/louis_rl/study_noise__noise_std-0.0__seed0/2026-06-25_13-27-54/checkpoints/model_7526656.pth",
  "split": "eval",
  "n_trajectories": 5,
  "horizon_steps": 359,
  "dt": 0.03333333333333333,
  "noise": false,
  "aggregate": {
    "pos_rmse_m": 0.026278238743543625,
    "pos_mae_m": 0.01102072186768055,
    "pos_integral_ms": 0.13188132643699646,
    "pos_max_m": 0.2015729695558548,
    "vel_rmse_mps": 0.13523828983306885,
    "vel_integral_mps_s": 1.147463083267212,
    "action_jitter": 0.037782199680805206
  },
  "per_trajectory": {
    "pos_rmse_m": [
      0.04911472648382187,
      0.025629566982388496,
      0.021807534620165825,
      0.015903880819678307,
      0.018935484811663628
    ],
    "pos_mae_m": [
      0.015980444848537445,
      0.009038734249770641,
      0.007671475876122713,
      0.011501433327794075,
      0.010911520570516586
    ],
    "pos_integral_ms": [
      0.19123268127441406,
      0.10816352069377899,
      0.09180200099945068,
      0.13763383030891418,
      0.1305745393037796
    ],
    "pos_max_m": [
      0.33766108751296997,
      0.22028008103370667,
      0.1873587667942047,
      0.10907439887523651,
      0.15349048376083374
    ],
    "vel_rmse_mps": [
      0.16803932189941406,
      0.14705127477645874,
      0.13224956393241882,
      0.11429841071367264,
      0.1145528256893158
    ],
    "vel_integral_mps_s": [
      1.2717074155807495,
      1.1546404361724854,
      1.1398942470550537,
      1.0862404108047485,
      1.0848324298858643
    ],
    "action_jitter": [
      0.04175233840942383,
      0.04225216433405876,
      0.035850390791893005,
      0.03701145201921463,
      0.0320446640253067
    ]
  }
}