{
  "checkpoint": "logs/louis_rl/study_noise__noise_std-0.0__seed0/2026-06-25_13-27-54/checkpoints/model_7526656.pth",
  "split": "eval",
  "n_trajectories": 5,
  "horizon_steps": 359,
  "dt": 0.03333333333333333,
  "noise": false,
  "aggregate": {
    "pos_rmse_m": 0.05259005352854729,
    "pos_mae_m": 0.018076619133353233,
    "pos_integral_ms": 0.21631690859794617,
    "pos_max_m": 0.41787877678871155,
    "vel_rmse_mps": 0.21578693389892578,
    "vel_integral_mps_s": 1.475835919380188,
    "action_jitter": 0.3454887866973877
  },
  "per_trajectory": {
    "pos_rmse_m": [
      0.05605611950159073,
      0.02998601458966732,
      0.0910305455327034,
      0.05655936896800995,
      0.029318230226635933
    ],
    "pos_mae_m": [
      0.01756889745593071,
      0.012675752863287926,
      0.024094276130199432,
      0.020967531949281693,
      0.015076640993356705
    ],
    "pos_integral_ms": [
      0.2102411538362503,
      0.15168651938438416,
      0.2883282005786896,
      0.2509114742279053,
      0.18041715025901794
    ],
    "pos_max_m": [
      0.43049320578575134,
      0.2527174651622772,
      0.6647632718086243,
      0.47034135460853577,
      0.271078497171402
    ],
    "vel_rmse_mps": [
      0.19844543933868408,
      0.17491582036018372,
      0.29077833890914917,
      0.2450575828552246,
      0.16973741352558136
    ],
    "vel_integral_mps_s": [
      1.4405162334442139,
      1.3734976053237915,
      1.6922712326049805,
      1.5365022420883179,
      1.336391806602478
    ],
    "action_jitter": [
      0.3507588803768158,
      0.3553251028060913,
      0.32463547587394714,
      0.34917157888412476,
      0.3475528359413147
    ]
  }
}